{
    "rmse": 0.8092068058121549,
    "mae": 0.6555222108514273,
    "r2": 0.013910160028153928
}