{
    "rmse": 0.8105364344041193,
    "mae": 0.6597832041660421,
    "r2": 0.010666958378122815
}